{"cameraMode":{"drawMode":0,"name":"Shaded","section":"Shading Mode"},"sceneLighting":false,"audioPlay":false,"sceneViewState":{"showFog":false,"showMaterialUpdate":false,"showSkybox":false,"showFlares":false,"showImageEffects":false,"showParticleSystems":false},"in2DMode":false,"pivot":{"x":0.0,"y":0.8199999332427979,"z":-4.21999979019165},"rotation":{"x":0.010283232666552067,"y":-0.20198768377304078,"z":0.0021212564315646888,"w":0.9793338775634766},"size":2.8578836917877199,"orthographic":true}